time,scenario,chunk_seed
1,SNOW,20073
2,SNOW,20073
3,SNOW,20073
4,SNOW,20073
5,SNOW,20073
6,SNOW,20073
7,SNOW,20073
8,SNOW,20073
9,SNOW,20073
10,SNOW,20073
11,SNOW,20073
12,SNOW,20073
13,SNOW,20073
14,SNOW,20073
15,SNOW,20073
16,SNOW,20073
17,SNOW,20073
18,SNOW,20073
19,SNOW,20073
20,SNOW,20073
21,SNOW,20073
22,SNOW,20073
23,SNOW,20073
24,SNOW,20073
25,SNOW,20073
26,SNOW,20073
27,SNOW,20073
28,SNOW,20073
29,SNOW,20073
30,SNOW,20073
31,SNOW,20073
32,SNOW,20073
33,SNOW,20073
34,SNOW,20073
35,SNOW,20073
36,SNOW,20073
37,SNOW,20073
38,SNOW,20073
39,SNOW,20073
40,SNOW,20073
41,SNOW,20073
42,SNOW,20073
43,SNOW,20073
44,SNOW,20073
45,SNOW,20073
46,SNOW,20073
47,SNOW,20073
48,SNOW,20073
49,SNOW,20073
50,SNOW,20073
51,SNOW,20073
52,SNOW,20073
53,SNOW,20073
54,SNOW,20073
55,SNOW,20073
56,SNOW,20073
57,SNOW,20073
58,SNOW,20073
59,SNOW,20073
60,SNOW,20073
61,SNOW,20073
62,SNOW,20073
63,SNOW,20073
64,SNOW,20073
65,SNOW,20073
66,SNOW,20073
67,SNOW,20073
68,SNOW,20073
69,SNOW,20073
70,SNOW,20073
71,SNOW,20073
72,SNOW,20073
73,SNOW,20073
74,SNOW,20073
75,SNOW,20073
76,SNOW,20073
77,SNOW,20073
78,SNOW,20073
79,SNOW,20073
80,SNOW,20073
81,SNOW,20073
82,SNOW,20073
83,SNOW,20073
84,SNOW,20073
85,SNOW,20073
86,SNOW,20073
87,SNOW,20073
88,SNOW,20073
89,SNOW,20073
90,SNOW,20073
91,SNOW,20073
92,SNOW,20073
93,SNOW,20073
94,SNOW,20073
95,SNOW,20073
96,SNOW,20073
97,SNOW,20073
98,SNOW,20073
99,SNOW,20073
100,SNOW,20073
101,SNOW,20073
102,SNOW,20073
103,SNOW,20073
104,SNOW,20073
105,SNOW,20073
106,SNOW,20073
107,SNOW,20073
108,SNOW,20073
109,SNOW,20073
110,SNOW,20073
111,SNOW,20073
112,SNOW,20073
113,SNOW,20073
114,SNOW,20073
115,SNOW,20073
116,SNOW,20073
117,SNOW,20073
118,SNOW,20073
119,SNOW,20073
120,SNOW,20073
121,SNOW,20073
122,SNOW,20073
123,SNOW,20073
124,SNOW,20073
125,SNOW,20073
126,SNOW,20073
127,SNOW,20073
128,SNOW,20073
129,SNOW,20073
130,SNOW,20073
131,SNOW,20073
132,SNOW,20073
133,SNOW,20073
134,SNOW,20073
135,SNOW,20073
136,SNOW,20073
137,SNOW,20073
138,SNOW,20073
139,SNOW,20073
140,SNOW,20073
141,SNOW,20073
142,SNOW,20073
143,SNOW,20073
144,SNOW,20073
145,SNOW,20073
146,SNOW,20073
147,SNOW,20073
148,SNOW,20073
149,SNOW,20073
150,SNOW,20073
151,SNOW,20073
152,SNOW,20073
153,SNOW,20073
154,SNOW,20073
155,SNOW,20073
156,SNOW,20073
157,SNOW,20073
158,SNOW,20073
159,SNOW,20073
160,SNOW,20073
161,SNOW,20073
162,SNOW,20073
163,SNOW,20073
164,SNOW,20073
165,SNOW,20073
166,SNOW,20073
167,SNOW,20073
168,SNOW,20073
169,SNOW,20073
170,SNOW,20073
171,SNOW,20073
172,SNOW,20073
173,SNOW,20073
174,SNOW,20073
175,SNOW,20073
176,SNOW,20073
177,SNOW,20073
178,SNOW,20073
179,SNOW,20073
180,SNOW,20073
181,SNOW,20073
182,SNOW,20073
183,SNOW,20073
184,SNOW,20073
185,SNOW,20073
186,SNOW,20073
187,SNOW,20073
188,SNOW,20073
189,SNOW,20073
190,SNOW,20073
191,SNOW,20073
192,SNOW,20073
193,SNOW,20073
194,SNOW,20073
195,SNOW,20073
196,SNOW,20073
197,SNOW,20073
198,SNOW,20073
199,SNOW,20073
200,SNOW,20073
201,SNOW,20073
202,SNOW,20073
203,SNOW,20073
204,SNOW,20073
205,SNOW,20073
206,SNOW,20073
207,SNOW,20073
208,SNOW,20073
209,SNOW,20073
210,SNOW,20073
211,SNOW,20073
212,SNOW,20073
213,SNOW,20073
214,SNOW,20073
215,SNOW,20073
216,SNOW,20073
217,SNOW,20073
218,SNOW,20073
219,SNOW,20073
220,SNOW,20073
221,SNOW,20073
222,SNOW,20073
223,SNOW,20073
224,SNOW,20073
225,SNOW,20073
226,SNOW,20073
227,SNOW,20073
228,SNOW,20073
229,SNOW,20073
230,SNOW,20073
231,SNOW,20073
232,SNOW,20073
233,SNOW,20073
234,SNOW,20073
235,SNOW,20073
236,SNOW,20073
237,SNOW,20073
238,SNOW,20073
239,SNOW,20073
240,SNOW,20073
241,SNOW,20073
242,SNOW,20073
243,SNOW,20073
244,SNOW,20073
245,SNOW,20073
246,SNOW,20073
247,SNOW,20073
248,SNOW,20073
249,SNOW,20073
250,SNOW,20073
251,BASE,20074
252,BASE,20074
253,BASE,20074
254,BASE,20074
255,BASE,20074
256,BASE,20074
257,BASE,20074
258,BASE,20074
259,BASE,20074
260,BASE,20074
261,BASE,20074
262,BASE,20074
263,BASE,20074
264,BASE,20074
265,BASE,20074
266,BASE,20074
267,BASE,20074
268,BASE,20074
269,BASE,20074
270,BASE,20074
271,BASE,20074
272,BASE,20074
273,BASE,20074
274,BASE,20074
275,BASE,20074
276,BASE,20074
277,BASE,20074
278,BASE,20074
279,BASE,20074
280,BASE,20074
281,BASE,20074
282,BASE,20074
283,BASE,20074
284,BASE,20074
285,BASE,20074
286,BASE,20074
287,BASE,20074
288,BASE,20074
289,BASE,20074
290,BASE,20074
291,BASE,20074
292,BASE,20074
293,BASE,20074
294,BASE,20074
295,BASE,20074
296,BASE,20074
297,BASE,20074
298,BASE,20074
299,BASE,20074
300,BASE,20074
301,BASE,20074
302,BASE,20074
303,BASE,20074
304,BASE,20074
305,BASE,20074
306,BASE,20074
307,BASE,20074
308,BASE,20074
309,BASE,20074
310,BASE,20074
311,BASE,20074
312,BASE,20074
313,BASE,20074
314,BASE,20074
315,BASE,20074
316,BASE,20074
317,BASE,20074
318,BASE,20074
319,BASE,20074
320,BASE,20074
321,BASE,20074
322,BASE,20074
323,BASE,20074
324,BASE,20074
325,BASE,20074
326,BASE,20074
327,BASE,20074
328,BASE,20074
329,BASE,20074
330,BASE,20074
331,BASE,20074
332,BASE,20074
333,BASE,20074
334,BASE,20074
335,BASE,20074
336,BASE,20074
337,BASE,20074
338,BASE,20074
339,BASE,20074
340,BASE,20074
341,BASE,20074
342,BASE,20074
343,BASE,20074
344,BASE,20074
345,BASE,20074
346,BASE,20074
347,BASE,20074
348,BASE,20074
349,BASE,20074
350,BASE,20074
351,BASE,20074
352,BASE,20074
353,BASE,20074
354,BASE,20074
355,BASE,20074
356,BASE,20074
357,BASE,20074
358,BASE,20074
359,BASE,20074
360,BASE,20074
361,BASE,20074
362,BASE,20074
363,BASE,20074
364,BASE,20074
365,BASE,20074
366,BASE,20074
367,BASE,20074
368,BASE,20074
369,BASE,20074
370,BASE,20074
371,BASE,20074
372,BASE,20074
373,BASE,20074
374,BASE,20074
375,BASE,20074
376,BASE,20074
377,BASE,20074
378,BASE,20074
379,BASE,20074
380,BASE,20074
381,BASE,20074
382,BASE,20074
383,BASE,20074
384,BASE,20074
385,BASE,20074
386,BASE,20074
387,BASE,20074
388,BASE,20074
389,BASE,20074
390,BASE,20074
391,BASE,20074
392,BASE,20074
393,BASE,20074
394,BASE,20074
395,BASE,20074
396,BASE,20074
397,BASE,20074
398,BASE,20074
399,BASE,20074
400,BASE,20074
401,BASE,20074
402,BASE,20074
403,BASE,20074
404,BASE,20074
405,BASE,20074
406,BASE,20074
407,BASE,20074
408,BASE,20074
409,BASE,20074
410,BASE,20074
411,BASE,20074
412,BASE,20074
413,BASE,20074
414,BASE,20074
415,BASE,20074
416,BASE,20074
417,BASE,20074
418,BASE,20074
419,BASE,20074
420,BASE,20074
421,BASE,20074
422,BASE,20074
423,BASE,20074
424,BASE,20074
425,BASE,20074
426,BASE,20074
427,BASE,20074
428,BASE,20074
429,BASE,20074
430,BASE,20074
431,BASE,20074
432,BASE,20074
433,BASE,20074
434,BASE,20074
435,BASE,20074
436,BASE,20074
437,BASE,20074
438,BASE,20074
439,BASE,20074
440,BASE,20074
441,BASE,20074
442,BASE,20074
443,BASE,20074
444,BASE,20074
445,BASE,20074
446,BASE,20074
447,BASE,20074
448,BASE,20074
449,BASE,20074
450,BASE,20074
451,BASE,20074
452,BASE,20074
453,BASE,20074
454,BASE,20074
455,BASE,20074
456,BASE,20074
457,BASE,20074
458,BASE,20074
459,BASE,20074
460,BASE,20074
461,BASE,20074
462,BASE,20074
463,BASE,20074
464,BASE,20074
465,BASE,20074
466,BASE,20074
467,BASE,20074
468,BASE,20074
469,BASE,20074
470,BASE,20074
471,BASE,20074
472,BASE,20074
473,BASE,20074
474,BASE,20074
475,BASE,20074
476,BASE,20074
477,BASE,20074
478,BASE,20074
479,BASE,20074
480,BASE,20074
481,BASE,20074
482,BASE,20074
483,BASE,20074
484,BASE,20074
485,BASE,20074
486,BASE,20074
487,BASE,20074
488,BASE,20074
489,BASE,20074
490,BASE,20074
491,BASE,20074
492,BASE,20074
493,BASE,20074
494,BASE,20074
495,BASE,20074
496,BASE,20074
497,BASE,20074
498,BASE,20074
499,BASE,20074
500,BASE,20074
501,FOG,20075
502,FOG,20075
503,FOG,20075
504,FOG,20075
505,FOG,20075
506,FOG,20075
507,FOG,20075
508,FOG,20075
509,FOG,20075
510,FOG,20075
511,FOG,20075
512,FOG,20075
513,FOG,20075
514,FOG,20075
515,FOG,20075
516,FOG,20075
517,FOG,20075
518,FOG,20075
519,FOG,20075
520,FOG,20075
521,FOG,20075
522,FOG,20075
523,FOG,20075
524,FOG,20075
525,FOG,20075
526,FOG,20075
527,FOG,20075
528,FOG,20075
529,FOG,20075
530,FOG,20075
531,FOG,20075
532,FOG,20075
533,FOG,20075
534,FOG,20075
535,FOG,20075
536,FOG,20075
537,FOG,20075
538,FOG,20075
539,FOG,20075
540,FOG,20075
541,FOG,20075
542,FOG,20075
543,FOG,20075
544,FOG,20075
545,FOG,20075
546,FOG,20075
547,FOG,20075
548,FOG,20075
549,FOG,20075
550,FOG,20075
551,FOG,20075
552,FOG,20075
553,FOG,20075
554,FOG,20075
555,FOG,20075
556,FOG,20075
557,FOG,20075
558,FOG,20075
559,FOG,20075
560,FOG,20075
561,FOG,20075
562,FOG,20075
563,FOG,20075
564,FOG,20075
565,FOG,20075
566,FOG,20075
567,FOG,20075
568,FOG,20075
569,FOG,20075
570,FOG,20075
571,FOG,20075
572,FOG,20075
573,FOG,20075
574,FOG,20075
575,FOG,20075
576,FOG,20075
577,FOG,20075
578,FOG,20075
579,FOG,20075
580,FOG,20075
581,FOG,20075
582,FOG,20075
583,FOG,20075
584,FOG,20075
585,FOG,20075
586,FOG,20075
587,FOG,20075
588,FOG,20075
589,FOG,20075
590,FOG,20075
591,FOG,20075
592,FOG,20075
593,FOG,20075
594,FOG,20075
595,FOG,20075
596,FOG,20075
597,FOG,20075
598,FOG,20075
599,FOG,20075
600,FOG,20075
601,FOG,20075
602,FOG,20075
603,FOG,20075
604,FOG,20075
605,FOG,20075
606,FOG,20075
607,FOG,20075
608,FOG,20075
609,FOG,20075
610,FOG,20075
611,FOG,20075
612,FOG,20075
613,FOG,20075
614,FOG,20075
615,FOG,20075
616,FOG,20075
617,FOG,20075
618,FOG,20075
619,FOG,20075
620,FOG,20075
621,FOG,20075
622,FOG,20075
623,FOG,20075
624,FOG,20075
625,FOG,20075
626,FOG,20075
627,FOG,20075
628,FOG,20075
629,FOG,20075
630,FOG,20075
631,FOG,20075
632,FOG,20075
633,FOG,20075
634,FOG,20075
635,FOG,20075
636,FOG,20075
637,FOG,20075
638,FOG,20075
639,FOG,20075
640,FOG,20075
641,FOG,20075
642,FOG,20075
643,FOG,20075
644,FOG,20075
645,FOG,20075
646,FOG,20075
647,FOG,20075
648,FOG,20075
649,FOG,20075
650,FOG,20075
651,FOG,20075
652,FOG,20075
653,FOG,20075
654,FOG,20075
655,FOG,20075
656,FOG,20075
657,FOG,20075
658,FOG,20075
659,FOG,20075
660,FOG,20075
661,FOG,20075
662,FOG,20075
663,FOG,20075
664,FOG,20075
665,FOG,20075
666,FOG,20075
667,FOG,20075
668,FOG,20075
669,FOG,20075
670,FOG,20075
671,FOG,20075
672,FOG,20075
673,FOG,20075
674,FOG,20075
675,FOG,20075
676,FOG,20075
677,FOG,20075
678,FOG,20075
679,FOG,20075
680,FOG,20075
681,FOG,20075
682,FOG,20075
683,FOG,20075
684,FOG,20075
685,FOG,20075
686,FOG,20075
687,FOG,20075
688,FOG,20075
689,FOG,20075
690,FOG,20075
691,FOG,20075
692,FOG,20075
693,FOG,20075
694,FOG,20075
695,FOG,20075
696,FOG,20075
697,FOG,20075
698,FOG,20075
699,FOG,20075
700,FOG,20075
701,FOG,20075
702,FOG,20075
703,FOG,20075
704,FOG,20075
705,FOG,20075
706,FOG,20075
707,FOG,20075
708,FOG,20075
709,FOG,20075
710,FOG,20075
711,FOG,20075
712,FOG,20075
713,FOG,20075
714,FOG,20075
715,FOG,20075
716,FOG,20075
717,FOG,20075
718,FOG,20075
719,FOG,20075
720,FOG,20075
721,FOG,20075
722,FOG,20075
723,FOG,20075
724,FOG,20075
725,FOG,20075
726,FOG,20075
727,FOG,20075
728,FOG,20075
729,FOG,20075
730,FOG,20075
731,FOG,20075
732,FOG,20075
733,FOG,20075
734,FOG,20075
735,FOG,20075
736,FOG,20075
737,FOG,20075
738,FOG,20075
739,FOG,20075
740,FOG,20075
741,FOG,20075
742,FOG,20075
743,FOG,20075
744,FOG,20075
745,FOG,20075
746,FOG,20075
747,FOG,20075
748,FOG,20075
749,FOG,20075
750,FOG,20075
751,RAIN,20076
752,RAIN,20076
753,RAIN,20076
754,RAIN,20076
755,RAIN,20076
756,RAIN,20076
757,RAIN,20076
758,RAIN,20076
759,RAIN,20076
760,RAIN,20076
761,RAIN,20076
762,RAIN,20076
763,RAIN,20076
764,RAIN,20076
765,RAIN,20076
766,RAIN,20076
767,RAIN,20076
768,RAIN,20076
769,RAIN,20076
770,RAIN,20076
771,RAIN,20076
772,RAIN,20076
773,RAIN,20076
774,RAIN,20076
775,RAIN,20076
776,RAIN,20076
777,RAIN,20076
778,RAIN,20076
779,RAIN,20076
780,RAIN,20076
781,RAIN,20076
782,RAIN,20076
783,RAIN,20076
784,RAIN,20076
785,RAIN,20076
786,RAIN,20076
787,RAIN,20076
788,RAIN,20076
789,RAIN,20076
790,RAIN,20076
791,RAIN,20076
792,RAIN,20076
793,RAIN,20076
794,RAIN,20076
795,RAIN,20076
796,RAIN,20076
797,RAIN,20076
798,RAIN,20076
799,RAIN,20076
800,RAIN,20076
801,RAIN,20076
802,RAIN,20076
803,RAIN,20076
804,RAIN,20076
805,RAIN,20076
806,RAIN,20076
807,RAIN,20076
808,RAIN,20076
809,RAIN,20076
810,RAIN,20076
811,RAIN,20076
812,RAIN,20076
813,RAIN,20076
814,RAIN,20076
815,RAIN,20076
816,RAIN,20076
817,RAIN,20076
818,RAIN,20076
819,RAIN,20076
820,RAIN,20076
821,RAIN,20076
822,RAIN,20076
823,RAIN,20076
824,RAIN,20076
825,RAIN,20076
826,RAIN,20076
827,RAIN,20076
828,RAIN,20076
829,RAIN,20076
830,RAIN,20076
831,RAIN,20076
832,RAIN,20076
833,RAIN,20076
834,RAIN,20076
835,RAIN,20076
836,RAIN,20076
837,RAIN,20076
838,RAIN,20076
839,RAIN,20076
840,RAIN,20076
841,RAIN,20076
842,RAIN,20076
843,RAIN,20076
844,RAIN,20076
845,RAIN,20076
846,RAIN,20076
847,RAIN,20076
848,RAIN,20076
849,RAIN,20076
850,RAIN,20076
851,RAIN,20076
852,RAIN,20076
853,RAIN,20076
854,RAIN,20076
855,RAIN,20076
856,RAIN,20076
857,RAIN,20076
858,RAIN,20076
859,RAIN,20076
860,RAIN,20076
861,RAIN,20076
862,RAIN,20076
863,RAIN,20076
864,RAIN,20076
865,RAIN,20076
866,RAIN,20076
867,RAIN,20076
868,RAIN,20076
869,RAIN,20076
870,RAIN,20076
871,RAIN,20076
872,RAIN,20076
873,RAIN,20076
874,RAIN,20076
875,RAIN,20076
876,RAIN,20076
877,RAIN,20076
878,RAIN,20076
879,RAIN,20076
880,RAIN,20076
881,RAIN,20076
882,RAIN,20076
883,RAIN,20076
884,RAIN,20076
885,RAIN,20076
886,RAIN,20076
887,RAIN,20076
888,RAIN,20076
889,RAIN,20076
890,RAIN,20076
891,RAIN,20076
892,RAIN,20076
893,RAIN,20076
894,RAIN,20076
895,RAIN,20076
896,RAIN,20076
897,RAIN,20076
898,RAIN,20076
899,RAIN,20076
900,RAIN,20076
901,RAIN,20076
902,RAIN,20076
903,RAIN,20076
904,RAIN,20076
905,RAIN,20076
906,RAIN,20076
907,RAIN,20076
908,RAIN,20076
909,RAIN,20076
910,RAIN,20076
911,RAIN,20076
912,RAIN,20076
913,RAIN,20076
914,RAIN,20076
915,RAIN,20076
916,RAIN,20076
917,RAIN,20076
918,RAIN,20076
919,RAIN,20076
920,RAIN,20076
921,RAIN,20076
922,RAIN,20076
923,RAIN,20076
924,RAIN,20076
925,RAIN,20076
926,RAIN,20076
927,RAIN,20076
928,RAIN,20076
929,RAIN,20076
930,RAIN,20076
931,RAIN,20076
932,RAIN,20076
933,RAIN,20076
934,RAIN,20076
935,RAIN,20076
936,RAIN,20076
937,RAIN,20076
938,RAIN,20076
939,RAIN,20076
940,RAIN,20076
941,RAIN,20076
942,RAIN,20076
943,RAIN,20076
944,RAIN,20076
945,RAIN,20076
946,RAIN,20076
947,RAIN,20076
948,RAIN,20076
949,RAIN,20076
950,RAIN,20076
951,RAIN,20076
952,RAIN,20076
953,RAIN,20076
954,RAIN,20076
955,RAIN,20076
956,RAIN,20076
957,RAIN,20076
958,RAIN,20076
959,RAIN,20076
960,RAIN,20076
961,RAIN,20076
962,RAIN,20076
963,RAIN,20076
964,RAIN,20076
965,RAIN,20076
966,RAIN,20076
967,RAIN,20076
968,RAIN,20076
969,RAIN,20076
970,RAIN,20076
971,RAIN,20076
972,RAIN,20076
973,RAIN,20076
974,RAIN,20076
975,RAIN,20076
976,RAIN,20076
977,RAIN,20076
978,RAIN,20076
979,RAIN,20076
980,RAIN,20076
981,RAIN,20076
982,RAIN,20076
983,RAIN,20076
984,RAIN,20076
985,RAIN,20076
986,RAIN,20076
987,RAIN,20076
988,RAIN,20076
989,RAIN,20076
990,RAIN,20076
991,RAIN,20076
992,RAIN,20076
993,RAIN,20076
994,RAIN,20076
995,RAIN,20076
996,RAIN,20076
997,RAIN,20076
998,RAIN,20076
999,RAIN,20076
1000,RAIN,20076
